page_type,status,section_number,section,group,h1,seo_title_tag,meta_description,url_path,canonical_path,parent_url,breadcrumb,group_count,question_count,p1_question_count,schema_type,internal_link_targets,page_goal
section,planned,1,Motorcycle Buying Guide,,Motorcycle Buying Guide,Motorcycle Buying Guide | B2B Motorcycle FAQ,"Explore B2B motorcycle FAQ topics about motorcycle buying guide, including buyer questions, sourcing decisions, import risks, and RFQ preparation.",/faq/motorcycle-buying-guide/,/faq/motorcycle-buying-guide/,/faq/,FAQ Center > Motorcycle Buying Guide,6,60,17,CollectionPage,/faq/motorcycle-buying-guide/motorcycle-types/ | /faq/motorcycle-buying-guide/engine-displacement-selection/ | /faq/motorcycle-buying-guide/motorcycle-use-cases/ | /faq/motorcycle-buying-guide/road-condition-selection/ | /faq/motorcycle-buying-guide/fuel-motorcycle-vs-electric-motorcycle/ | /faq/motorcycle-buying-guide/model-selection-for-different-markets/,"Introduce the section, link to group pages, and surface high-intent P1 FAQs."
group,planned,1,Motorcycle Buying Guide,Motorcycle Types,Motorcycle Types,Motorcycle Types FAQ | B2B Motorcycle Guide,"B2B FAQ guide for motorcycle types: buyer questions, practical checks, sourcing risks, and RFQ details for motorcycle importers and distributors.",/faq/motorcycle-buying-guide/motorcycle-types/,/faq/motorcycle-buying-guide/motorcycle-types/,/faq/motorcycle-buying-guide/,FAQ Center > Motorcycle Buying Guide > Motorcycle Types,0,10,3,CollectionPage,/faq/motorcycle-buying-guide/,"Introduce the group, summarize key buyer concerns, and list all related FAQ question pages."
group,planned,1,Motorcycle Buying Guide,Engine Displacement Selection,Engine Displacement Selection,Engine Displacement Selection FAQ | B2B Motorcycle Guide,"B2B FAQ guide for engine displacement selection: buyer questions, practical checks, sourcing risks, and RFQ details for motorcycle importers and…",/faq/motorcycle-buying-guide/engine-displacement-selection/,/faq/motorcycle-buying-guide/engine-displacement-selection/,/faq/motorcycle-buying-guide/,FAQ Center > Motorcycle Buying Guide > Engine Displacement Selection,0,10,3,CollectionPage,/faq/motorcycle-buying-guide/,"Introduce the group, summarize key buyer concerns, and list all related FAQ question pages."
group,planned,1,Motorcycle Buying Guide,Motorcycle Use Cases,Motorcycle Use Cases,Motorcycle Use Cases FAQ | B2B Motorcycle Guide,"B2B FAQ guide for motorcycle use cases: buyer questions, practical checks, sourcing risks, and RFQ details for motorcycle importers and distributors.",/faq/motorcycle-buying-guide/motorcycle-use-cases/,/faq/motorcycle-buying-guide/motorcycle-use-cases/,/faq/motorcycle-buying-guide/,FAQ Center > Motorcycle Buying Guide > Motorcycle Use Cases,0,10,3,CollectionPage,/faq/motorcycle-buying-guide/,"Introduce the group, summarize key buyer concerns, and list all related FAQ question pages."
group,planned,1,Motorcycle Buying Guide,Road Condition Selection,Road Condition Selection,Road Condition Selection FAQ | B2B Motorcycle Guide,"B2B FAQ guide for road condition selection: buyer questions, practical checks, sourcing risks, and RFQ details for motorcycle importers and distributors.",/faq/motorcycle-buying-guide/road-condition-selection/,/faq/motorcycle-buying-guide/road-condition-selection/,/faq/motorcycle-buying-guide/,FAQ Center > Motorcycle Buying Guide > Road Condition Selection,0,10,2,CollectionPage,/faq/motorcycle-buying-guide/,"Introduce the group, summarize key buyer concerns, and list all related FAQ question pages."
group,planned,1,Motorcycle Buying Guide,Fuel Motorcycle vs Electric Motorcycle,Fuel Motorcycle vs Electric Motorcycle,Fuel Motorcycle vs Electric Motorcycle FAQ | B2B…,"B2B FAQ guide for fuel motorcycle vs electric motorcycle: buyer questions, practical checks, sourcing risks, and RFQ details for motorcycle importers and…",/faq/motorcycle-buying-guide/fuel-motorcycle-vs-electric-motorcycle/,/faq/motorcycle-buying-guide/fuel-motorcycle-vs-electric-motorcycle/,/faq/motorcycle-buying-guide/,FAQ Center > Motorcycle Buying Guide > Fuel Motorcycle vs Electric Motorcycle,0,10,3,CollectionPage,/faq/motorcycle-buying-guide/,"Introduce the group, summarize key buyer concerns, and list all related FAQ question pages."
group,planned,1,Motorcycle Buying Guide,Model Selection for Different Markets,Model Selection for Different Markets,Model Selection for Different Markets FAQ | B2B Motorcycle…,"B2B FAQ guide for model selection for different markets: buyer questions, practical checks, sourcing risks, and RFQ details for motorcycle importers and…",/faq/motorcycle-buying-guide/model-selection-for-different-markets/,/faq/motorcycle-buying-guide/model-selection-for-different-markets/,/faq/motorcycle-buying-guide/,FAQ Center > Motorcycle Buying Guide > Model Selection for Different Markets,0,10,3,CollectionPage,/faq/motorcycle-buying-guide/,"Introduce the group, summarize key buyer concerns, and list all related FAQ question pages."
section,planned,2,Technical Specifications FAQ,,Technical Specifications FAQ,Technical Specifications FAQ | B2B Motorcycle FAQ,"Explore B2B motorcycle FAQ topics about technical specifications faq, including buyer questions, sourcing decisions, import risks, and RFQ preparation.",/faq/technical-specifications-faq/,/faq/technical-specifications-faq/,/faq/,FAQ Center > Technical Specifications FAQ,7,70,13,CollectionPage,/faq/technical-specifications-faq/engine-and-power-system/ | /faq/technical-specifications-faq/fuel-system/ | /faq/technical-specifications-faq/transmission-and-gearbox/ | /faq/technical-specifications-faq/brake-system/ | /faq/technical-specifications-faq/suspension-and-tires/ | /faq/technical-specifications-faq/fuel-consumption-and-performance/,"Introduce the section, link to group pages, and surface high-intent P1 FAQs."
group,planned,2,Technical Specifications FAQ,Engine & Power System,Engine & Power System,Engine & Power System FAQ | B2B Motorcycle Guide,"B2B FAQ guide for engine & power system: buyer questions, practical checks, sourcing risks, and RFQ details for motorcycle importers and distributors.",/faq/technical-specifications-faq/engine-and-power-system/,/faq/technical-specifications-faq/engine-and-power-system/,/faq/technical-specifications-faq/,FAQ Center > Technical Specifications FAQ > Engine & Power System,0,10,2,CollectionPage,/faq/technical-specifications-faq/,"Introduce the group, summarize key buyer concerns, and list all related FAQ question pages."
group,planned,2,Technical Specifications FAQ,Fuel System,Fuel System,Fuel System FAQ | B2B Motorcycle Guide,"B2B FAQ guide for fuel system: buyer questions, practical checks, sourcing risks, and RFQ details for motorcycle importers and distributors.",/faq/technical-specifications-faq/fuel-system/,/faq/technical-specifications-faq/fuel-system/,/faq/technical-specifications-faq/,FAQ Center > Technical Specifications FAQ > Fuel System,0,10,2,CollectionPage,/faq/technical-specifications-faq/,"Introduce the group, summarize key buyer concerns, and list all related FAQ question pages."
group,planned,2,Technical Specifications FAQ,Transmission & Gearbox,Transmission & Gearbox,Transmission & Gearbox FAQ | B2B Motorcycle Guide,"B2B FAQ guide for transmission & gearbox: buyer questions, practical checks, sourcing risks, and RFQ details for motorcycle importers and distributors.",/faq/technical-specifications-faq/transmission-and-gearbox/,/faq/technical-specifications-faq/transmission-and-gearbox/,/faq/technical-specifications-faq/,FAQ Center > Technical Specifications FAQ > Transmission & Gearbox,0,10,1,CollectionPage,/faq/technical-specifications-faq/,"Introduce the group, summarize key buyer concerns, and list all related FAQ question pages."
group,planned,2,Technical Specifications FAQ,Brake System,Brake System,Brake System FAQ | B2B Motorcycle Guide,"B2B FAQ guide for brake system: buyer questions, practical checks, sourcing risks, and RFQ details for motorcycle importers and distributors.",/faq/technical-specifications-faq/brake-system/,/faq/technical-specifications-faq/brake-system/,/faq/technical-specifications-faq/,FAQ Center > Technical Specifications FAQ > Brake System,0,10,2,CollectionPage,/faq/technical-specifications-faq/,"Introduce the group, summarize key buyer concerns, and list all related FAQ question pages."
group,planned,2,Technical Specifications FAQ,Suspension & Tires,Suspension & Tires,Suspension & Tires FAQ | B2B Motorcycle Guide,"B2B FAQ guide for suspension & tires: buyer questions, practical checks, sourcing risks, and RFQ details for motorcycle importers and distributors.",/faq/technical-specifications-faq/suspension-and-tires/,/faq/technical-specifications-faq/suspension-and-tires/,/faq/technical-specifications-faq/,FAQ Center > Technical Specifications FAQ > Suspension & Tires,0,10,2,CollectionPage,/faq/technical-specifications-faq/,"Introduce the group, summarize key buyer concerns, and list all related FAQ question pages."
group,planned,2,Technical Specifications FAQ,Fuel Consumption & Performance,Fuel Consumption & Performance,Fuel Consumption & Performance FAQ | B2B Motorcycle Guide,"B2B FAQ guide for fuel consumption & performance: buyer questions, practical checks, sourcing risks, and RFQ details for motorcycle importers and…",/faq/technical-specifications-faq/fuel-consumption-and-performance/,/faq/technical-specifications-faq/fuel-consumption-and-performance/,/faq/technical-specifications-faq/,FAQ Center > Technical Specifications FAQ > Fuel Consumption & Performance,0,10,2,CollectionPage,/faq/technical-specifications-faq/,"Introduce the group, summarize key buyer concerns, and list all related FAQ question pages."
group,planned,2,Technical Specifications FAQ,"Payload, Durability & Road Adaptability","Payload, Durability & Road Adaptability","Payload, Durability & Road Adaptability FAQ | B2B…","B2B FAQ guide for payload, durability & road adaptability: buyer questions, practical checks, sourcing risks, and RFQ details for motorcycle importers…",/faq/technical-specifications-faq/payload-durability-and-road-adaptability/,/faq/technical-specifications-faq/payload-durability-and-road-adaptability/,/faq/technical-specifications-faq/,"FAQ Center > Technical Specifications FAQ > Payload, Durability & Road Adaptability",0,10,2,CollectionPage,/faq/technical-specifications-faq/,"Introduce the group, summarize key buyer concerns, and list all related FAQ question pages."
section,planned,3,Import & Certification FAQ,,Import & Certification FAQ,Import & Certification FAQ | B2B Motorcycle FAQ,"Explore B2B motorcycle FAQ topics about import & certification faq, including buyer questions, sourcing decisions, import risks, and RFQ preparation.",/faq/import-and-certification-faq/,/faq/import-and-certification-faq/,/faq/,FAQ Center > Import & Certification FAQ,7,71,18,CollectionPage,/faq/import-and-certification-faq/import-documents/ | /faq/import-and-certification-faq/customs-clearance-requirements/ | /faq/import-and-certification-faq/eec-e-mark-coc-certification/ | /faq/import-and-certification-faq/epa-dot-nhtsa-compliance/ | /faq/import-and-certification-faq/homologation-and-type-approval/ | /faq/import-and-certification-faq/vin-wmi-registration-documents/,"Introduce the section, link to group pages, and surface high-intent P1 FAQs."
group,planned,3,Import & Certification FAQ,Import Documents,Import Documents,Import Documents FAQ | B2B Motorcycle Guide,"B2B FAQ guide for import documents: buyer questions, practical checks, sourcing risks, and RFQ details for motorcycle importers and distributors.",/faq/import-and-certification-faq/import-documents/,/faq/import-and-certification-faq/import-documents/,/faq/import-and-certification-faq/,FAQ Center > Import & Certification FAQ > Import Documents,0,11,4,CollectionPage,/faq/import-and-certification-faq/,"Introduce the group, summarize key buyer concerns, and list all related FAQ question pages."
group,planned,3,Import & Certification FAQ,Customs Clearance Requirements,Customs Clearance Requirements,Customs Clearance Requirements FAQ | B2B Motorcycle Guide,"B2B FAQ guide for customs clearance requirements: buyer questions, practical checks, sourcing risks, and RFQ details for motorcycle importers and…",/faq/import-and-certification-faq/customs-clearance-requirements/,/faq/import-and-certification-faq/customs-clearance-requirements/,/faq/import-and-certification-faq/,FAQ Center > Import & Certification FAQ > Customs Clearance Requirements,0,10,3,CollectionPage,/faq/import-and-certification-faq/,"Introduce the group, summarize key buyer concerns, and list all related FAQ question pages."
group,planned,3,Import & Certification FAQ,EEC / E-mark / COC Certification,EEC / E-mark / COC Certification,EEC / E-mark / COC Certification FAQ | B2B Motorcycle Guide,"B2B FAQ guide for eec / e-mark / coc certification: buyer questions, practical checks, sourcing risks, and RFQ details for motorcycle importers and…",/faq/import-and-certification-faq/eec-e-mark-coc-certification/,/faq/import-and-certification-faq/eec-e-mark-coc-certification/,/faq/import-and-certification-faq/,FAQ Center > Import & Certification FAQ > EEC / E-mark / COC Certification,0,10,2,CollectionPage,/faq/import-and-certification-faq/,"Introduce the group, summarize key buyer concerns, and list all related FAQ question pages."
group,planned,3,Import & Certification FAQ,EPA / DOT / NHTSA Compliance,EPA / DOT / NHTSA Compliance,EPA / DOT / NHTSA Compliance FAQ | B2B Motorcycle Guide,"B2B FAQ guide for epa / dot / nhtsa compliance: buyer questions, practical checks, sourcing risks, and RFQ details for motorcycle importers and…",/faq/import-and-certification-faq/epa-dot-nhtsa-compliance/,/faq/import-and-certification-faq/epa-dot-nhtsa-compliance/,/faq/import-and-certification-faq/,FAQ Center > Import & Certification FAQ > EPA / DOT / NHTSA Compliance,0,10,3,CollectionPage,/faq/import-and-certification-faq/,"Introduce the group, summarize key buyer concerns, and list all related FAQ question pages."
group,planned,3,Import & Certification FAQ,Homologation & Type Approval,Homologation & Type Approval,Homologation & Type Approval FAQ | B2B Motorcycle Guide,"B2B FAQ guide for homologation & type approval: buyer questions, practical checks, sourcing risks, and RFQ details for motorcycle importers and…",/faq/import-and-certification-faq/homologation-and-type-approval/,/faq/import-and-certification-faq/homologation-and-type-approval/,/faq/import-and-certification-faq/,FAQ Center > Import & Certification FAQ > Homologation & Type Approval,0,10,2,CollectionPage,/faq/import-and-certification-faq/,"Introduce the group, summarize key buyer concerns, and list all related FAQ question pages."
group,planned,3,Import & Certification FAQ,VIN / WMI / Registration Documents,VIN / WMI / Registration Documents,VIN / WMI / Registration Documents FAQ | B2B Motorcycle…,"B2B FAQ guide for vin / wmi / registration documents: buyer questions, practical checks, sourcing risks, and RFQ details for motorcycle importers and…",/faq/import-and-certification-faq/vin-wmi-registration-documents/,/faq/import-and-certification-faq/vin-wmi-registration-documents/,/faq/import-and-certification-faq/,FAQ Center > Import & Certification FAQ > VIN / WMI / Registration Documents,0,10,2,CollectionPage,/faq/import-and-certification-faq/,"Introduce the group, summarize key buyer concerns, and list all related FAQ question pages."
group,planned,3,Import & Certification FAQ,CKD / SKD / CBU Compliance,CKD / SKD / CBU Compliance,CKD / SKD / CBU Compliance FAQ | B2B Motorcycle Guide,"B2B FAQ guide for ckd / skd / cbu compliance: buyer questions, practical checks, sourcing risks, and RFQ details for motorcycle importers and distributors.",/faq/import-and-certification-faq/ckd-skd-cbu-compliance/,/faq/import-and-certification-faq/ckd-skd-cbu-compliance/,/faq/import-and-certification-faq/,FAQ Center > Import & Certification FAQ > CKD / SKD / CBU Compliance,0,10,2,CollectionPage,/faq/import-and-certification-faq/,"Introduce the group, summarize key buyer concerns, and list all related FAQ question pages."
section,planned,4,OEM / ODM Motorcycle FAQ,,OEM / ODM Motorcycle FAQ,OEM / ODM Motorcycle FAQ | B2B Motorcycle FAQ,"Explore B2B motorcycle FAQ topics about oem / odm motorcycle faq, including buyer questions, sourcing decisions, import risks, and RFQ preparation.",/faq/oem-odm-motorcycle-faq/,/faq/oem-odm-motorcycle-faq/,/faq/,FAQ Center > OEM / ODM Motorcycle FAQ,7,70,13,CollectionPage,/faq/oem-odm-motorcycle-faq/private-label-motorcycle-branding/ | /faq/oem-odm-motorcycle-faq/logo-color-and-sticker-customization/ | /faq/oem-odm-motorcycle-faq/model-configuration-customization/ | /faq/oem-odm-motorcycle-faq/new-model-development/ | /faq/oem-odm-motorcycle-faq/oem-odm-moq/ | /faq/oem-odm-motorcycle-faq/packaging-and-manual-customization/,"Introduce the section, link to group pages, and surface high-intent P1 FAQs."
group,planned,4,OEM / ODM Motorcycle FAQ,Private Label Motorcycle Branding,Private Label Motorcycle Branding,Private Label Motorcycle Branding FAQ | B2B Motorcycle Guide,"B2B FAQ guide for private label motorcycle branding: buyer questions, practical checks, sourcing risks, and RFQ details for motorcycle importers and…",/faq/oem-odm-motorcycle-faq/private-label-motorcycle-branding/,/faq/oem-odm-motorcycle-faq/private-label-motorcycle-branding/,/faq/oem-odm-motorcycle-faq/,FAQ Center > OEM / ODM Motorcycle FAQ > Private Label Motorcycle Branding,0,10,2,CollectionPage,/faq/oem-odm-motorcycle-faq/,"Introduce the group, summarize key buyer concerns, and list all related FAQ question pages."
group,planned,4,OEM / ODM Motorcycle FAQ,"Logo, Color & Sticker Customization","Logo, Color & Sticker Customization","Logo, Color & Sticker Customization FAQ | B2B Motorcycle…","B2B FAQ guide for logo, color & sticker customization: buyer questions, practical checks, sourcing risks, and RFQ details for motorcycle importers and…",/faq/oem-odm-motorcycle-faq/logo-color-and-sticker-customization/,/faq/oem-odm-motorcycle-faq/logo-color-and-sticker-customization/,/faq/oem-odm-motorcycle-faq/,"FAQ Center > OEM / ODM Motorcycle FAQ > Logo, Color & Sticker Customization",0,10,2,CollectionPage,/faq/oem-odm-motorcycle-faq/,"Introduce the group, summarize key buyer concerns, and list all related FAQ question pages."
group,planned,4,OEM / ODM Motorcycle FAQ,Model Configuration Customization,Model Configuration Customization,Model Configuration Customization FAQ | B2B Motorcycle Guide,"B2B FAQ guide for model configuration customization: buyer questions, practical checks, sourcing risks, and RFQ details for motorcycle importers and…",/faq/oem-odm-motorcycle-faq/model-configuration-customization/,/faq/oem-odm-motorcycle-faq/model-configuration-customization/,/faq/oem-odm-motorcycle-faq/,FAQ Center > OEM / ODM Motorcycle FAQ > Model Configuration Customization,0,10,2,CollectionPage,/faq/oem-odm-motorcycle-faq/,"Introduce the group, summarize key buyer concerns, and list all related FAQ question pages."
group,planned,4,OEM / ODM Motorcycle FAQ,New Model Development,New Model Development,New Model Development FAQ | B2B Motorcycle Guide,"B2B FAQ guide for new model development: buyer questions, practical checks, sourcing risks, and RFQ details for motorcycle importers and distributors.",/faq/oem-odm-motorcycle-faq/new-model-development/,/faq/oem-odm-motorcycle-faq/new-model-development/,/faq/oem-odm-motorcycle-faq/,FAQ Center > OEM / ODM Motorcycle FAQ > New Model Development,0,10,2,CollectionPage,/faq/oem-odm-motorcycle-faq/,"Introduce the group, summarize key buyer concerns, and list all related FAQ question pages."
group,planned,4,OEM / ODM Motorcycle FAQ,OEM / ODM MOQ,OEM / ODM MOQ,OEM / ODM MOQ FAQ | B2B Motorcycle Guide,"B2B FAQ guide for oem / odm moq: buyer questions, practical checks, sourcing risks, and RFQ details for motorcycle importers and distributors.",/faq/oem-odm-motorcycle-faq/oem-odm-moq/,/faq/oem-odm-motorcycle-faq/oem-odm-moq/,/faq/oem-odm-motorcycle-faq/,FAQ Center > OEM / ODM Motorcycle FAQ > OEM / ODM MOQ,0,10,2,CollectionPage,/faq/oem-odm-motorcycle-faq/,"Introduce the group, summarize key buyer concerns, and list all related FAQ question pages."
group,planned,4,OEM / ODM Motorcycle FAQ,Packaging & Manual Customization,Packaging & Manual Customization,Packaging & Manual Customization FAQ | B2B Motorcycle Guide,"B2B FAQ guide for packaging & manual customization: buyer questions, practical checks, sourcing risks, and RFQ details for motorcycle importers and…",/faq/oem-odm-motorcycle-faq/packaging-and-manual-customization/,/faq/oem-odm-motorcycle-faq/packaging-and-manual-customization/,/faq/oem-odm-motorcycle-faq/,FAQ Center > OEM / ODM Motorcycle FAQ > Packaging & Manual Customization,0,10,1,CollectionPage,/faq/oem-odm-motorcycle-faq/,"Introduce the group, summarize key buyer concerns, and list all related FAQ question pages."
group,planned,4,OEM / ODM Motorcycle FAQ,Exclusive Model or Market Cooperation,Exclusive Model or Market Cooperation,Exclusive Model or Market Cooperation FAQ | B2B Motorcycle…,"B2B FAQ guide for exclusive model or market cooperation: buyer questions, practical checks, sourcing risks, and RFQ details for motorcycle importers and…",/faq/oem-odm-motorcycle-faq/exclusive-model-or-market-cooperation/,/faq/oem-odm-motorcycle-faq/exclusive-model-or-market-cooperation/,/faq/oem-odm-motorcycle-faq/,FAQ Center > OEM / ODM Motorcycle FAQ > Exclusive Model or Market Cooperation,0,10,2,CollectionPage,/faq/oem-odm-motorcycle-faq/,"Introduce the group, summarize key buyer concerns, and list all related FAQ question pages."
section,planned,5,CKD / SKD / CBU Export FAQ,,CKD / SKD / CBU Export FAQ,CKD / SKD / CBU Export FAQ | B2B Motorcycle FAQ,"Explore B2B motorcycle FAQ topics about ckd / skd / cbu export faq, including buyer questions, sourcing decisions, import risks, and RFQ preparation.",/faq/ckd-skd-cbu-export-faq/,/faq/ckd-skd-cbu-export-faq/,/faq/,FAQ Center > CKD / SKD / CBU Export FAQ,7,71,19,CollectionPage,/faq/ckd-skd-cbu-export-faq/ckd-motorcycle-kits/ | /faq/ckd-skd-cbu-export-faq/skd-motorcycle-export/ | /faq/ckd-skd-cbu-export-faq/cbu-motorcycle-export/ | /faq/ckd-skd-cbu-export-faq/local-assembly-requirements/ | /faq/ckd-skd-cbu-export-faq/assembly-manuals-and-technical-support/ | /faq/ckd-skd-cbu-export-faq/ckd-skd-packing-methods/,"Introduce the section, link to group pages, and surface high-intent P1 FAQs."
group,planned,5,CKD / SKD / CBU Export FAQ,CKD Motorcycle Kits,CKD Motorcycle Kits,CKD Motorcycle Kits FAQ | B2B Motorcycle Guide,"B2B FAQ guide for ckd motorcycle kits: buyer questions, practical checks, sourcing risks, and RFQ details for motorcycle importers and distributors.",/faq/ckd-skd-cbu-export-faq/ckd-motorcycle-kits/,/faq/ckd-skd-cbu-export-faq/ckd-motorcycle-kits/,/faq/ckd-skd-cbu-export-faq/,FAQ Center > CKD / SKD / CBU Export FAQ > CKD Motorcycle Kits,0,10,3,CollectionPage,/faq/ckd-skd-cbu-export-faq/,"Introduce the group, summarize key buyer concerns, and list all related FAQ question pages."
group,planned,5,CKD / SKD / CBU Export FAQ,SKD Motorcycle Export,SKD Motorcycle Export,SKD Motorcycle Export FAQ | B2B Motorcycle Guide,"B2B FAQ guide for skd motorcycle export: buyer questions, practical checks, sourcing risks, and RFQ details for motorcycle importers and distributors.",/faq/ckd-skd-cbu-export-faq/skd-motorcycle-export/,/faq/ckd-skd-cbu-export-faq/skd-motorcycle-export/,/faq/ckd-skd-cbu-export-faq/,FAQ Center > CKD / SKD / CBU Export FAQ > SKD Motorcycle Export,0,10,3,CollectionPage,/faq/ckd-skd-cbu-export-faq/,"Introduce the group, summarize key buyer concerns, and list all related FAQ question pages."
group,planned,5,CKD / SKD / CBU Export FAQ,CBU Motorcycle Export,CBU Motorcycle Export,CBU Motorcycle Export FAQ | B2B Motorcycle Guide,"B2B FAQ guide for cbu motorcycle export: buyer questions, practical checks, sourcing risks, and RFQ details for motorcycle importers and distributors.",/faq/ckd-skd-cbu-export-faq/cbu-motorcycle-export/,/faq/ckd-skd-cbu-export-faq/cbu-motorcycle-export/,/faq/ckd-skd-cbu-export-faq/,FAQ Center > CKD / SKD / CBU Export FAQ > CBU Motorcycle Export,0,10,3,CollectionPage,/faq/ckd-skd-cbu-export-faq/,"Introduce the group, summarize key buyer concerns, and list all related FAQ question pages."
group,planned,5,CKD / SKD / CBU Export FAQ,Local Assembly Requirements,Local Assembly Requirements,Local Assembly Requirements FAQ | B2B Motorcycle Guide,"B2B FAQ guide for local assembly requirements: buyer questions, practical checks, sourcing risks, and RFQ details for motorcycle importers and…",/faq/ckd-skd-cbu-export-faq/local-assembly-requirements/,/faq/ckd-skd-cbu-export-faq/local-assembly-requirements/,/faq/ckd-skd-cbu-export-faq/,FAQ Center > CKD / SKD / CBU Export FAQ > Local Assembly Requirements,0,10,2,CollectionPage,/faq/ckd-skd-cbu-export-faq/,"Introduce the group, summarize key buyer concerns, and list all related FAQ question pages."
group,planned,5,CKD / SKD / CBU Export FAQ,Assembly Manuals & Technical Support,Assembly Manuals & Technical Support,Assembly Manuals & Technical Support FAQ | B2B Motorcycle…,"B2B FAQ guide for assembly manuals & technical support: buyer questions, practical checks, sourcing risks, and RFQ details for motorcycle importers and…",/faq/ckd-skd-cbu-export-faq/assembly-manuals-and-technical-support/,/faq/ckd-skd-cbu-export-faq/assembly-manuals-and-technical-support/,/faq/ckd-skd-cbu-export-faq/,FAQ Center > CKD / SKD / CBU Export FAQ > Assembly Manuals & Technical Support,0,10,2,CollectionPage,/faq/ckd-skd-cbu-export-faq/,"Introduce the group, summarize key buyer concerns, and list all related FAQ question pages."
group,planned,5,CKD / SKD / CBU Export FAQ,CKD / SKD Packing Methods,CKD / SKD Packing Methods,CKD / SKD Packing Methods FAQ | B2B Motorcycle Guide,"B2B FAQ guide for ckd / skd packing methods: buyer questions, practical checks, sourcing risks, and RFQ details for motorcycle importers and distributors.",/faq/ckd-skd-cbu-export-faq/ckd-skd-packing-methods/,/faq/ckd-skd-cbu-export-faq/ckd-skd-packing-methods/,/faq/ckd-skd-cbu-export-faq/,FAQ Center > CKD / SKD / CBU Export FAQ > CKD / SKD Packing Methods,0,10,2,CollectionPage,/faq/ckd-skd-cbu-export-faq/,"Introduce the group, summarize key buyer concerns, and list all related FAQ question pages."
group,planned,5,CKD / SKD / CBU Export FAQ,"Cost, Tax & Container Loading Comparison","Cost, Tax & Container Loading Comparison","Cost, Tax & Container Loading Comparison FAQ | B2B…","B2B FAQ guide for cost, tax & container loading comparison: buyer questions, practical checks, sourcing risks, and RFQ details for motorcycle importers…",/faq/ckd-skd-cbu-export-faq/cost-tax-and-container-loading-comparison/,/faq/ckd-skd-cbu-export-faq/cost-tax-and-container-loading-comparison/,/faq/ckd-skd-cbu-export-faq/,"FAQ Center > CKD / SKD / CBU Export FAQ > Cost, Tax & Container Loading Comparison",0,11,4,CollectionPage,/faq/ckd-skd-cbu-export-faq/,"Introduce the group, summarize key buyer concerns, and list all related FAQ question pages."
section,planned,6,"Pricing, MOQ & Payment FAQ",,"Pricing, MOQ & Payment FAQ","Pricing, MOQ & Payment FAQ | B2B Motorcycle FAQ","Explore B2B motorcycle FAQ topics about pricing, moq & payment faq, including buyer questions, sourcing decisions, import risks, and RFQ preparation.",/faq/pricing-moq-and-payment-faq/,/faq/pricing-moq-and-payment-faq/,/faq/,"FAQ Center > Pricing, MOQ & Payment FAQ",7,70,17,CollectionPage,/faq/pricing-moq-and-payment-faq/motorcycle-wholesale-pricing/ | /faq/pricing-moq-and-payment-faq/moq-requirements/ | /faq/pricing-moq-and-payment-faq/sample-order-cost/ | /faq/pricing-moq-and-payment-faq/price-factors-and-quotation-validity/ | /faq/pricing-moq-and-payment-faq/payment-terms/ | /faq/pricing-moq-and-payment-faq/deposit-and-balance-payment/,"Introduce the section, link to group pages, and surface high-intent P1 FAQs."
group,planned,6,"Pricing, MOQ & Payment FAQ",Motorcycle Wholesale Pricing,Motorcycle Wholesale Pricing,Motorcycle Wholesale Pricing FAQ | B2B Motorcycle Guide,"B2B FAQ guide for motorcycle wholesale pricing: buyer questions, practical checks, sourcing risks, and RFQ details for motorcycle importers and…",/faq/pricing-moq-and-payment-faq/motorcycle-wholesale-pricing/,/faq/pricing-moq-and-payment-faq/motorcycle-wholesale-pricing/,/faq/pricing-moq-and-payment-faq/,"FAQ Center > Pricing, MOQ & Payment FAQ > Motorcycle Wholesale Pricing",0,10,3,CollectionPage,/faq/pricing-moq-and-payment-faq/,"Introduce the group, summarize key buyer concerns, and list all related FAQ question pages."
group,planned,6,"Pricing, MOQ & Payment FAQ",MOQ Requirements,MOQ Requirements,MOQ Requirements FAQ | B2B Motorcycle Guide,"B2B FAQ guide for moq requirements: buyer questions, practical checks, sourcing risks, and RFQ details for motorcycle importers and distributors.",/faq/pricing-moq-and-payment-faq/moq-requirements/,/faq/pricing-moq-and-payment-faq/moq-requirements/,/faq/pricing-moq-and-payment-faq/,"FAQ Center > Pricing, MOQ & Payment FAQ > MOQ Requirements",0,10,3,CollectionPage,/faq/pricing-moq-and-payment-faq/,"Introduce the group, summarize key buyer concerns, and list all related FAQ question pages."
group,planned,6,"Pricing, MOQ & Payment FAQ",Sample Order Cost,Sample Order Cost,Sample Order Cost FAQ | B2B Motorcycle Guide,"B2B FAQ guide for sample order cost: buyer questions, practical checks, sourcing risks, and RFQ details for motorcycle importers and distributors.",/faq/pricing-moq-and-payment-faq/sample-order-cost/,/faq/pricing-moq-and-payment-faq/sample-order-cost/,/faq/pricing-moq-and-payment-faq/,"FAQ Center > Pricing, MOQ & Payment FAQ > Sample Order Cost",0,10,2,CollectionPage,/faq/pricing-moq-and-payment-faq/,"Introduce the group, summarize key buyer concerns, and list all related FAQ question pages."
group,planned,6,"Pricing, MOQ & Payment FAQ",Price Factors & Quotation Validity,Price Factors & Quotation Validity,Price Factors & Quotation Validity FAQ | B2B Motorcycle…,"B2B FAQ guide for price factors & quotation validity: buyer questions, practical checks, sourcing risks, and RFQ details for motorcycle importers and…",/faq/pricing-moq-and-payment-faq/price-factors-and-quotation-validity/,/faq/pricing-moq-and-payment-faq/price-factors-and-quotation-validity/,/faq/pricing-moq-and-payment-faq/,"FAQ Center > Pricing, MOQ & Payment FAQ > Price Factors & Quotation Validity",0,10,2,CollectionPage,/faq/pricing-moq-and-payment-faq/,"Introduce the group, summarize key buyer concerns, and list all related FAQ question pages."
group,planned,6,"Pricing, MOQ & Payment FAQ",Payment Terms,Payment Terms,Payment Terms FAQ | B2B Motorcycle Guide,"B2B FAQ guide for payment terms: buyer questions, practical checks, sourcing risks, and RFQ details for motorcycle importers and distributors.",/faq/pricing-moq-and-payment-faq/payment-terms/,/faq/pricing-moq-and-payment-faq/payment-terms/,/faq/pricing-moq-and-payment-faq/,"FAQ Center > Pricing, MOQ & Payment FAQ > Payment Terms",0,10,3,CollectionPage,/faq/pricing-moq-and-payment-faq/,"Introduce the group, summarize key buyer concerns, and list all related FAQ question pages."
group,planned,6,"Pricing, MOQ & Payment FAQ",Deposit & Balance Payment,Deposit & Balance Payment,Deposit & Balance Payment FAQ | B2B Motorcycle Guide,"B2B FAQ guide for deposit & balance payment: buyer questions, practical checks, sourcing risks, and RFQ details for motorcycle importers and distributors.",/faq/pricing-moq-and-payment-faq/deposit-and-balance-payment/,/faq/pricing-moq-and-payment-faq/deposit-and-balance-payment/,/faq/pricing-moq-and-payment-faq/,"FAQ Center > Pricing, MOQ & Payment FAQ > Deposit & Balance Payment",0,10,2,CollectionPage,/faq/pricing-moq-and-payment-faq/,"Introduce the group, summarize key buyer concerns, and list all related FAQ question pages."
group,planned,6,"Pricing, MOQ & Payment FAQ","Currency, Banking & Trade Terms","Currency, Banking & Trade Terms","Currency, Banking & Trade Terms FAQ | B2B Motorcycle Guide","B2B FAQ guide for currency, banking & trade terms: buyer questions, practical checks, sourcing risks, and RFQ details for motorcycle importers and…",/faq/pricing-moq-and-payment-faq/currency-banking-and-trade-terms/,/faq/pricing-moq-and-payment-faq/currency-banking-and-trade-terms/,/faq/pricing-moq-and-payment-faq/,"FAQ Center > Pricing, MOQ & Payment FAQ > Currency, Banking & Trade Terms",0,10,2,CollectionPage,/faq/pricing-moq-and-payment-faq/,"Introduce the group, summarize key buyer concerns, and list all related FAQ question pages."
section,planned,7,"Samples, Inspection & Factory Visit FAQ",,"Samples, Inspection & Factory Visit FAQ","Samples, Inspection & Factory Visit FAQ | B2B Motorcycle FAQ","Explore B2B motorcycle FAQ topics about samples, inspection & factory visit faq, including buyer questions, sourcing decisions, import risks, and RFQ…",/faq/samples-inspection-and-factory-visit-faq/,/faq/samples-inspection-and-factory-visit-faq/,/faq/,"FAQ Center > Samples, Inspection & Factory Visit FAQ",7,70,14,CollectionPage,/faq/samples-inspection-and-factory-visit-faq/sample-motorcycle-orders/ | /faq/samples-inspection-and-factory-visit-faq/sample-testing-and-evaluation/ | /faq/samples-inspection-and-factory-visit-faq/factory-visit-arrangement/ | /faq/samples-inspection-and-factory-visit-faq/third-party-factory-audit/ | /faq/samples-inspection-and-factory-visit-faq/production-inspection/ | /faq/samples-inspection-and-factory-visit-faq/pre-shipment-inspection/,"Introduce the section, link to group pages, and surface high-intent P1 FAQs."
group,planned,7,"Samples, Inspection & Factory Visit FAQ",Sample Motorcycle Orders,Sample Motorcycle Orders,Sample Motorcycle Orders FAQ | B2B Motorcycle Guide,"B2B FAQ guide for sample motorcycle orders: buyer questions, practical checks, sourcing risks, and RFQ details for motorcycle importers and distributors.",/faq/samples-inspection-and-factory-visit-faq/sample-motorcycle-orders/,/faq/samples-inspection-and-factory-visit-faq/sample-motorcycle-orders/,/faq/samples-inspection-and-factory-visit-faq/,"FAQ Center > Samples, Inspection & Factory Visit FAQ > Sample Motorcycle Orders",0,10,2,CollectionPage,/faq/samples-inspection-and-factory-visit-faq/,"Introduce the group, summarize key buyer concerns, and list all related FAQ question pages."
group,planned,7,"Samples, Inspection & Factory Visit FAQ",Sample Testing & Evaluation,Sample Testing & Evaluation,Sample Testing & Evaluation FAQ | B2B Motorcycle Guide,"B2B FAQ guide for sample testing & evaluation: buyer questions, practical checks, sourcing risks, and RFQ details for motorcycle importers and…",/faq/samples-inspection-and-factory-visit-faq/sample-testing-and-evaluation/,/faq/samples-inspection-and-factory-visit-faq/sample-testing-and-evaluation/,/faq/samples-inspection-and-factory-visit-faq/,"FAQ Center > Samples, Inspection & Factory Visit FAQ > Sample Testing & Evaluation",0,10,2,CollectionPage,/faq/samples-inspection-and-factory-visit-faq/,"Introduce the group, summarize key buyer concerns, and list all related FAQ question pages."
group,planned,7,"Samples, Inspection & Factory Visit FAQ",Factory Visit Arrangement,Factory Visit Arrangement,Factory Visit Arrangement FAQ | B2B Motorcycle Guide,"B2B FAQ guide for factory visit arrangement: buyer questions, practical checks, sourcing risks, and RFQ details for motorcycle importers and distributors.",/faq/samples-inspection-and-factory-visit-faq/factory-visit-arrangement/,/faq/samples-inspection-and-factory-visit-faq/factory-visit-arrangement/,/faq/samples-inspection-and-factory-visit-faq/,"FAQ Center > Samples, Inspection & Factory Visit FAQ > Factory Visit Arrangement",0,10,2,CollectionPage,/faq/samples-inspection-and-factory-visit-faq/,"Introduce the group, summarize key buyer concerns, and list all related FAQ question pages."
group,planned,7,"Samples, Inspection & Factory Visit FAQ",Third-Party Factory Audit,Third-Party Factory Audit,Third-Party Factory Audit FAQ | B2B Motorcycle Guide,"B2B FAQ guide for third-party factory audit: buyer questions, practical checks, sourcing risks, and RFQ details for motorcycle importers and distributors.",/faq/samples-inspection-and-factory-visit-faq/third-party-factory-audit/,/faq/samples-inspection-and-factory-visit-faq/third-party-factory-audit/,/faq/samples-inspection-and-factory-visit-faq/,"FAQ Center > Samples, Inspection & Factory Visit FAQ > Third-Party Factory Audit",0,10,2,CollectionPage,/faq/samples-inspection-and-factory-visit-faq/,"Introduce the group, summarize key buyer concerns, and list all related FAQ question pages."
group,planned,7,"Samples, Inspection & Factory Visit FAQ",Production Inspection,Production Inspection,Production Inspection FAQ | B2B Motorcycle Guide,"B2B FAQ guide for production inspection: buyer questions, practical checks, sourcing risks, and RFQ details for motorcycle importers and distributors.",/faq/samples-inspection-and-factory-visit-faq/production-inspection/,/faq/samples-inspection-and-factory-visit-faq/production-inspection/,/faq/samples-inspection-and-factory-visit-faq/,"FAQ Center > Samples, Inspection & Factory Visit FAQ > Production Inspection",0,10,2,CollectionPage,/faq/samples-inspection-and-factory-visit-faq/,"Introduce the group, summarize key buyer concerns, and list all related FAQ question pages."
group,planned,7,"Samples, Inspection & Factory Visit FAQ",Pre-Shipment Inspection,Pre-Shipment Inspection,Pre-Shipment Inspection FAQ | B2B Motorcycle Guide,"B2B FAQ guide for pre-shipment inspection: buyer questions, practical checks, sourcing risks, and RFQ details for motorcycle importers and distributors.",/faq/samples-inspection-and-factory-visit-faq/pre-shipment-inspection/,/faq/samples-inspection-and-factory-visit-faq/pre-shipment-inspection/,/faq/samples-inspection-and-factory-visit-faq/,"FAQ Center > Samples, Inspection & Factory Visit FAQ > Pre-Shipment Inspection",0,10,2,CollectionPage,/faq/samples-inspection-and-factory-visit-faq/,"Introduce the group, summarize key buyer concerns, and list all related FAQ question pages."
group,planned,7,"Samples, Inspection & Factory Visit FAQ",Video Inspection & Online Verification,Video Inspection & Online Verification,Video Inspection & Online Verification FAQ | B2B…,"B2B FAQ guide for video inspection & online verification: buyer questions, practical checks, sourcing risks, and RFQ details for motorcycle importers and…",/faq/samples-inspection-and-factory-visit-faq/video-inspection-and-online-verification/,/faq/samples-inspection-and-factory-visit-faq/video-inspection-and-online-verification/,/faq/samples-inspection-and-factory-visit-faq/,"FAQ Center > Samples, Inspection & Factory Visit FAQ > Video Inspection & Online Verification",0,10,2,CollectionPage,/faq/samples-inspection-and-factory-visit-faq/,"Introduce the group, summarize key buyer concerns, and list all related FAQ question pages."
section,planned,8,Quality Control FAQ,,Quality Control FAQ,Quality Control FAQ | B2B Motorcycle FAQ,"Explore B2B motorcycle FAQ topics about quality control faq, including buyer questions, sourcing decisions, import risks, and RFQ preparation.",/faq/quality-control-faq/,/faq/quality-control-faq/,/faq/,FAQ Center > Quality Control FAQ,7,70,14,CollectionPage,/faq/quality-control-faq/raw-material-and-parts-inspection/ | /faq/quality-control-faq/engine-quality-control/ | /faq/quality-control-faq/frame-welding-and-painting-inspection/ | /faq/quality-control-faq/assembly-line-quality-control/ | /faq/quality-control-faq/road-test-and-performance-testing/ | /faq/quality-control-faq/pre-shipment-quality-inspection/,"Introduce the section, link to group pages, and surface high-intent P1 FAQs."
group,planned,8,Quality Control FAQ,Raw Material & Parts Inspection,Raw Material & Parts Inspection,Raw Material & Parts Inspection FAQ | B2B Motorcycle Guide,"B2B FAQ guide for raw material & parts inspection: buyer questions, practical checks, sourcing risks, and RFQ details for motorcycle importers and…",/faq/quality-control-faq/raw-material-and-parts-inspection/,/faq/quality-control-faq/raw-material-and-parts-inspection/,/faq/quality-control-faq/,FAQ Center > Quality Control FAQ > Raw Material & Parts Inspection,0,10,2,CollectionPage,/faq/quality-control-faq/,"Introduce the group, summarize key buyer concerns, and list all related FAQ question pages."
group,planned,8,Quality Control FAQ,Engine Quality Control,Engine Quality Control,Engine Quality Control FAQ | B2B Motorcycle Guide,"B2B FAQ guide for engine quality control: buyer questions, practical checks, sourcing risks, and RFQ details for motorcycle importers and distributors.",/faq/quality-control-faq/engine-quality-control/,/faq/quality-control-faq/engine-quality-control/,/faq/quality-control-faq/,FAQ Center > Quality Control FAQ > Engine Quality Control,0,10,2,CollectionPage,/faq/quality-control-faq/,"Introduce the group, summarize key buyer concerns, and list all related FAQ question pages."
group,planned,8,Quality Control FAQ,"Frame, Welding & Painting Inspection","Frame, Welding & Painting Inspection","Frame, Welding & Painting Inspection FAQ | B2B Motorcycle…","B2B FAQ guide for frame, welding & painting inspection: buyer questions, practical checks, sourcing risks, and RFQ details for motorcycle importers and…",/faq/quality-control-faq/frame-welding-and-painting-inspection/,/faq/quality-control-faq/frame-welding-and-painting-inspection/,/faq/quality-control-faq/,"FAQ Center > Quality Control FAQ > Frame, Welding & Painting Inspection",0,10,2,CollectionPage,/faq/quality-control-faq/,"Introduce the group, summarize key buyer concerns, and list all related FAQ question pages."
group,planned,8,Quality Control FAQ,Assembly Line Quality Control,Assembly Line Quality Control,Assembly Line Quality Control FAQ | B2B Motorcycle Guide,"B2B FAQ guide for assembly line quality control: buyer questions, practical checks, sourcing risks, and RFQ details for motorcycle importers and…",/faq/quality-control-faq/assembly-line-quality-control/,/faq/quality-control-faq/assembly-line-quality-control/,/faq/quality-control-faq/,FAQ Center > Quality Control FAQ > Assembly Line Quality Control,0,10,2,CollectionPage,/faq/quality-control-faq/,"Introduce the group, summarize key buyer concerns, and list all related FAQ question pages."
group,planned,8,Quality Control FAQ,Road Test & Performance Testing,Road Test & Performance Testing,Road Test & Performance Testing FAQ | B2B Motorcycle Guide,"B2B FAQ guide for road test & performance testing: buyer questions, practical checks, sourcing risks, and RFQ details for motorcycle importers and…",/faq/quality-control-faq/road-test-and-performance-testing/,/faq/quality-control-faq/road-test-and-performance-testing/,/faq/quality-control-faq/,FAQ Center > Quality Control FAQ > Road Test & Performance Testing,0,10,2,CollectionPage,/faq/quality-control-faq/,"Introduce the group, summarize key buyer concerns, and list all related FAQ question pages."
group,planned,8,Quality Control FAQ,Pre-Shipment Quality Inspection,Pre-Shipment Quality Inspection,Pre-Shipment Quality Inspection FAQ | B2B Motorcycle Guide,"B2B FAQ guide for pre-shipment quality inspection: buyer questions, practical checks, sourcing risks, and RFQ details for motorcycle importers and…",/faq/quality-control-faq/pre-shipment-quality-inspection/,/faq/quality-control-faq/pre-shipment-quality-inspection/,/faq/quality-control-faq/,FAQ Center > Quality Control FAQ > Pre-Shipment Quality Inspection,0,10,2,CollectionPage,/faq/quality-control-faq/,"Introduce the group, summarize key buyer concerns, and list all related FAQ question pages."
group,planned,8,Quality Control FAQ,Defect Handling & Quality Improvement,Defect Handling & Quality Improvement,Defect Handling & Quality Improvement FAQ | B2B Motorcycle…,"B2B FAQ guide for defect handling & quality improvement: buyer questions, practical checks, sourcing risks, and RFQ details for motorcycle importers and…",/faq/quality-control-faq/defect-handling-and-quality-improvement/,/faq/quality-control-faq/defect-handling-and-quality-improvement/,/faq/quality-control-faq/,FAQ Center > Quality Control FAQ > Defect Handling & Quality Improvement,0,10,2,CollectionPage,/faq/quality-control-faq/,"Introduce the group, summarize key buyer concerns, and list all related FAQ question pages."
section,planned,9,Spare Parts & Warranty FAQ,,Spare Parts & Warranty FAQ,Spare Parts & Warranty FAQ | B2B Motorcycle FAQ,"Explore B2B motorcycle FAQ topics about spare parts & warranty faq, including buyer questions, sourcing decisions, import risks, and RFQ preparation.",/faq/spare-parts-and-warranty-faq/,/faq/spare-parts-and-warranty-faq/,/faq/,FAQ Center > Spare Parts & Warranty FAQ,7,70,14,CollectionPage,/faq/spare-parts-and-warranty-faq/spare-parts-supply/ | /faq/spare-parts-and-warranty-faq/fast-moving-spare-parts/ | /faq/spare-parts-and-warranty-faq/recommended-spare-parts-ratio/ | /faq/spare-parts-and-warranty-faq/parts-catalog-and-technical-manuals/ | /faq/spare-parts-and-warranty-faq/warranty-policy/ | /faq/spare-parts-and-warranty-faq/warranty-claim-process/,"Introduce the section, link to group pages, and surface high-intent P1 FAQs."
group,planned,9,Spare Parts & Warranty FAQ,Spare Parts Supply,Spare Parts Supply,Spare Parts Supply FAQ | B2B Motorcycle Guide,"B2B FAQ guide for spare parts supply: buyer questions, practical checks, sourcing risks, and RFQ details for motorcycle importers and distributors.",/faq/spare-parts-and-warranty-faq/spare-parts-supply/,/faq/spare-parts-and-warranty-faq/spare-parts-supply/,/faq/spare-parts-and-warranty-faq/,FAQ Center > Spare Parts & Warranty FAQ > Spare Parts Supply,0,10,2,CollectionPage,/faq/spare-parts-and-warranty-faq/,"Introduce the group, summarize key buyer concerns, and list all related FAQ question pages."
group,planned,9,Spare Parts & Warranty FAQ,Fast-Moving Spare Parts,Fast-Moving Spare Parts,Fast-Moving Spare Parts FAQ | B2B Motorcycle Guide,"B2B FAQ guide for fast-moving spare parts: buyer questions, practical checks, sourcing risks, and RFQ details for motorcycle importers and distributors.",/faq/spare-parts-and-warranty-faq/fast-moving-spare-parts/,/faq/spare-parts-and-warranty-faq/fast-moving-spare-parts/,/faq/spare-parts-and-warranty-faq/,FAQ Center > Spare Parts & Warranty FAQ > Fast-Moving Spare Parts,0,10,2,CollectionPage,/faq/spare-parts-and-warranty-faq/,"Introduce the group, summarize key buyer concerns, and list all related FAQ question pages."
group,planned,9,Spare Parts & Warranty FAQ,Recommended Spare Parts Ratio,Recommended Spare Parts Ratio,Recommended Spare Parts Ratio FAQ | B2B Motorcycle Guide,"B2B FAQ guide for recommended spare parts ratio: buyer questions, practical checks, sourcing risks, and RFQ details for motorcycle importers and…",/faq/spare-parts-and-warranty-faq/recommended-spare-parts-ratio/,/faq/spare-parts-and-warranty-faq/recommended-spare-parts-ratio/,/faq/spare-parts-and-warranty-faq/,FAQ Center > Spare Parts & Warranty FAQ > Recommended Spare Parts Ratio,0,10,2,CollectionPage,/faq/spare-parts-and-warranty-faq/,"Introduce the group, summarize key buyer concerns, and list all related FAQ question pages."
group,planned,9,Spare Parts & Warranty FAQ,Parts Catalog & Technical Manuals,Parts Catalog & Technical Manuals,Parts Catalog & Technical Manuals FAQ | B2B Motorcycle Guide,"B2B FAQ guide for parts catalog & technical manuals: buyer questions, practical checks, sourcing risks, and RFQ details for motorcycle importers and…",/faq/spare-parts-and-warranty-faq/parts-catalog-and-technical-manuals/,/faq/spare-parts-and-warranty-faq/parts-catalog-and-technical-manuals/,/faq/spare-parts-and-warranty-faq/,FAQ Center > Spare Parts & Warranty FAQ > Parts Catalog & Technical Manuals,0,10,2,CollectionPage,/faq/spare-parts-and-warranty-faq/,"Introduce the group, summarize key buyer concerns, and list all related FAQ question pages."
group,planned,9,Spare Parts & Warranty FAQ,Warranty Policy,Warranty Policy,Warranty Policy FAQ | B2B Motorcycle Guide,"B2B FAQ guide for warranty policy: buyer questions, practical checks, sourcing risks, and RFQ details for motorcycle importers and distributors.",/faq/spare-parts-and-warranty-faq/warranty-policy/,/faq/spare-parts-and-warranty-faq/warranty-policy/,/faq/spare-parts-and-warranty-faq/,FAQ Center > Spare Parts & Warranty FAQ > Warranty Policy,0,10,2,CollectionPage,/faq/spare-parts-and-warranty-faq/,"Introduce the group, summarize key buyer concerns, and list all related FAQ question pages."
group,planned,9,Spare Parts & Warranty FAQ,Warranty Claim Process,Warranty Claim Process,Warranty Claim Process FAQ | B2B Motorcycle Guide,"B2B FAQ guide for warranty claim process: buyer questions, practical checks, sourcing risks, and RFQ details for motorcycle importers and distributors.",/faq/spare-parts-and-warranty-faq/warranty-claim-process/,/faq/spare-parts-and-warranty-faq/warranty-claim-process/,/faq/spare-parts-and-warranty-faq/,FAQ Center > Spare Parts & Warranty FAQ > Warranty Claim Process,0,10,2,CollectionPage,/faq/spare-parts-and-warranty-faq/,"Introduce the group, summarize key buyer concerns, and list all related FAQ question pages."
group,planned,9,Spare Parts & Warranty FAQ,After-Sales Technical Support,After-Sales Technical Support,After-Sales Technical Support FAQ | B2B Motorcycle Guide,"B2B FAQ guide for after-sales technical support: buyer questions, practical checks, sourcing risks, and RFQ details for motorcycle importers and…",/faq/spare-parts-and-warranty-faq/after-sales-technical-support/,/faq/spare-parts-and-warranty-faq/after-sales-technical-support/,/faq/spare-parts-and-warranty-faq/,FAQ Center > Spare Parts & Warranty FAQ > After-Sales Technical Support,0,10,2,CollectionPage,/faq/spare-parts-and-warranty-faq/,"Introduce the group, summarize key buyer concerns, and list all related FAQ question pages."
section,planned,10,Packing & Shipping FAQ,,Packing & Shipping FAQ,Packing & Shipping FAQ | B2B Motorcycle FAQ,"Explore B2B motorcycle FAQ topics about packing & shipping faq, including buyer questions, sourcing decisions, import risks, and RFQ preparation.",/faq/packing-and-shipping-faq/,/faq/packing-and-shipping-faq/,/faq/,FAQ Center > Packing & Shipping FAQ,7,71,13,CollectionPage,/faq/packing-and-shipping-faq/motorcycle-packing-methods/ | /faq/packing-and-shipping-faq/carton-packing/ | /faq/packing-and-shipping-faq/steel-frame-packing/ | /faq/packing-and-shipping-faq/container-loading-quantity/ | /faq/packing-and-shipping-faq/shipping-documents/ | /faq/packing-and-shipping-faq/incoterms-fob-cif-cfr-exw/,"Introduce the section, link to group pages, and surface high-intent P1 FAQs."
group,planned,10,Packing & Shipping FAQ,Motorcycle Packing Methods,Motorcycle Packing Methods,Motorcycle Packing Methods FAQ | B2B Motorcycle Guide,"B2B FAQ guide for motorcycle packing methods: buyer questions, practical checks, sourcing risks, and RFQ details for motorcycle importers and distributors.",/faq/packing-and-shipping-faq/motorcycle-packing-methods/,/faq/packing-and-shipping-faq/motorcycle-packing-methods/,/faq/packing-and-shipping-faq/,FAQ Center > Packing & Shipping FAQ > Motorcycle Packing Methods,0,10,2,CollectionPage,/faq/packing-and-shipping-faq/,"Introduce the group, summarize key buyer concerns, and list all related FAQ question pages."
group,planned,10,Packing & Shipping FAQ,Carton Packing,Carton Packing,Carton Packing FAQ | B2B Motorcycle Guide,"B2B FAQ guide for carton packing: buyer questions, practical checks, sourcing risks, and RFQ details for motorcycle importers and distributors.",/faq/packing-and-shipping-faq/carton-packing/,/faq/packing-and-shipping-faq/carton-packing/,/faq/packing-and-shipping-faq/,FAQ Center > Packing & Shipping FAQ > Carton Packing,0,10,1,CollectionPage,/faq/packing-and-shipping-faq/,"Introduce the group, summarize key buyer concerns, and list all related FAQ question pages."
group,planned,10,Packing & Shipping FAQ,Steel Frame Packing,Steel Frame Packing,Steel Frame Packing FAQ | B2B Motorcycle Guide,"B2B FAQ guide for steel frame packing: buyer questions, practical checks, sourcing risks, and RFQ details for motorcycle importers and distributors.",/faq/packing-and-shipping-faq/steel-frame-packing/,/faq/packing-and-shipping-faq/steel-frame-packing/,/faq/packing-and-shipping-faq/,FAQ Center > Packing & Shipping FAQ > Steel Frame Packing,0,10,1,CollectionPage,/faq/packing-and-shipping-faq/,"Introduce the group, summarize key buyer concerns, and list all related FAQ question pages."
group,planned,10,Packing & Shipping FAQ,Container Loading Quantity,Container Loading Quantity,Container Loading Quantity FAQ | B2B Motorcycle Guide,"B2B FAQ guide for container loading quantity: buyer questions, practical checks, sourcing risks, and RFQ details for motorcycle importers and distributors.",/faq/packing-and-shipping-faq/container-loading-quantity/,/faq/packing-and-shipping-faq/container-loading-quantity/,/faq/packing-and-shipping-faq/,FAQ Center > Packing & Shipping FAQ > Container Loading Quantity,0,11,3,CollectionPage,/faq/packing-and-shipping-faq/,"Introduce the group, summarize key buyer concerns, and list all related FAQ question pages."
group,planned,10,Packing & Shipping FAQ,Shipping Documents,Shipping Documents,Shipping Documents FAQ | B2B Motorcycle Guide,"B2B FAQ guide for shipping documents: buyer questions, practical checks, sourcing risks, and RFQ details for motorcycle importers and distributors.",/faq/packing-and-shipping-faq/shipping-documents/,/faq/packing-and-shipping-faq/shipping-documents/,/faq/packing-and-shipping-faq/,FAQ Center > Packing & Shipping FAQ > Shipping Documents,0,10,2,CollectionPage,/faq/packing-and-shipping-faq/,"Introduce the group, summarize key buyer concerns, and list all related FAQ question pages."
group,planned,10,Packing & Shipping FAQ,Incoterms: FOB / CIF / CFR / EXW,Incoterms: FOB / CIF / CFR / EXW,Incoterms: FOB / CIF / CFR / EXW FAQ | B2B Motorcycle Guide,"B2B FAQ guide for incoterms: fob / cif / cfr / exw: buyer questions, practical checks, sourcing risks, and RFQ details for motorcycle importers and…",/faq/packing-and-shipping-faq/incoterms-fob-cif-cfr-exw/,/faq/packing-and-shipping-faq/incoterms-fob-cif-cfr-exw/,/faq/packing-and-shipping-faq/,FAQ Center > Packing & Shipping FAQ > Incoterms: FOB / CIF / CFR / EXW,0,10,2,CollectionPage,/faq/packing-and-shipping-faq/,"Introduce the group, summarize key buyer concerns, and list all related FAQ question pages."
group,planned,10,Packing & Shipping FAQ,Freight Forwarder & Delivery Time,Freight Forwarder & Delivery Time,Freight Forwarder & Delivery Time FAQ | B2B Motorcycle Guide,"B2B FAQ guide for freight forwarder & delivery time: buyer questions, practical checks, sourcing risks, and RFQ details for motorcycle importers and…",/faq/packing-and-shipping-faq/freight-forwarder-and-delivery-time/,/faq/packing-and-shipping-faq/freight-forwarder-and-delivery-time/,/faq/packing-and-shipping-faq/,FAQ Center > Packing & Shipping FAQ > Freight Forwarder & Delivery Time,0,10,2,CollectionPage,/faq/packing-and-shipping-faq/,"Introduce the group, summarize key buyer concerns, and list all related FAQ question pages."
section,planned,11,Motorcycle Business & Market FAQ,,Motorcycle Business & Market FAQ,Motorcycle Business & Market FAQ | B2B Motorcycle FAQ,"Explore B2B motorcycle FAQ topics about motorcycle business & market faq, including buyer questions, sourcing decisions, import risks, and RFQ preparation.",/faq/motorcycle-business-and-market-faq/,/faq/motorcycle-business-and-market-faq/,/faq/,FAQ Center > Motorcycle Business & Market FAQ,7,70,16,CollectionPage,/faq/motorcycle-business-and-market-faq/motorcycle-import-business/ | /faq/motorcycle-business-and-market-faq/motorcycle-dealership-business/ | /faq/motorcycle-business-and-market-faq/best-selling-motorcycle-models/ | /faq/motorcycle-business-and-market-faq/market-demand-by-region/ | /faq/motorcycle-business-and-market-faq/delivery-motorcycle-business/ | /faq/motorcycle-business-and-market-faq/motorcycle-taxi-and-commercial-use/,"Introduce the section, link to group pages, and surface high-intent P1 FAQs."
group,planned,11,Motorcycle Business & Market FAQ,Motorcycle Import Business,Motorcycle Import Business,Motorcycle Import Business FAQ | B2B Motorcycle Guide,"B2B FAQ guide for motorcycle import business: buyer questions, practical checks, sourcing risks, and RFQ details for motorcycle importers and distributors.",/faq/motorcycle-business-and-market-faq/motorcycle-import-business/,/faq/motorcycle-business-and-market-faq/motorcycle-import-business/,/faq/motorcycle-business-and-market-faq/,FAQ Center > Motorcycle Business & Market FAQ > Motorcycle Import Business,0,10,3,CollectionPage,/faq/motorcycle-business-and-market-faq/,"Introduce the group, summarize key buyer concerns, and list all related FAQ question pages."
group,planned,11,Motorcycle Business & Market FAQ,Motorcycle Dealership Business,Motorcycle Dealership Business,Motorcycle Dealership Business FAQ | B2B Motorcycle Guide,"B2B FAQ guide for motorcycle dealership business: buyer questions, practical checks, sourcing risks, and RFQ details for motorcycle importers and…",/faq/motorcycle-business-and-market-faq/motorcycle-dealership-business/,/faq/motorcycle-business-and-market-faq/motorcycle-dealership-business/,/faq/motorcycle-business-and-market-faq/,FAQ Center > Motorcycle Business & Market FAQ > Motorcycle Dealership Business,0,10,2,CollectionPage,/faq/motorcycle-business-and-market-faq/,"Introduce the group, summarize key buyer concerns, and list all related FAQ question pages."
group,planned,11,Motorcycle Business & Market FAQ,Best-Selling Motorcycle Models,Best-Selling Motorcycle Models,Best-Selling Motorcycle Models FAQ | B2B Motorcycle Guide,"B2B FAQ guide for best-selling motorcycle models: buyer questions, practical checks, sourcing risks, and RFQ details for motorcycle importers and…",/faq/motorcycle-business-and-market-faq/best-selling-motorcycle-models/,/faq/motorcycle-business-and-market-faq/best-selling-motorcycle-models/,/faq/motorcycle-business-and-market-faq/,FAQ Center > Motorcycle Business & Market FAQ > Best-Selling Motorcycle Models,0,10,2,CollectionPage,/faq/motorcycle-business-and-market-faq/,"Introduce the group, summarize key buyer concerns, and list all related FAQ question pages."
group,planned,11,Motorcycle Business & Market FAQ,Market Demand by Region,Market Demand by Region,Market Demand by Region FAQ | B2B Motorcycle Guide,"B2B FAQ guide for market demand by region: buyer questions, practical checks, sourcing risks, and RFQ details for motorcycle importers and distributors.",/faq/motorcycle-business-and-market-faq/market-demand-by-region/,/faq/motorcycle-business-and-market-faq/market-demand-by-region/,/faq/motorcycle-business-and-market-faq/,FAQ Center > Motorcycle Business & Market FAQ > Market Demand by Region,0,10,3,CollectionPage,/faq/motorcycle-business-and-market-faq/,"Introduce the group, summarize key buyer concerns, and list all related FAQ question pages."
group,planned,11,Motorcycle Business & Market FAQ,Delivery Motorcycle Business,Delivery Motorcycle Business,Delivery Motorcycle Business FAQ | B2B Motorcycle Guide,"B2B FAQ guide for delivery motorcycle business: buyer questions, practical checks, sourcing risks, and RFQ details for motorcycle importers and…",/faq/motorcycle-business-and-market-faq/delivery-motorcycle-business/,/faq/motorcycle-business-and-market-faq/delivery-motorcycle-business/,/faq/motorcycle-business-and-market-faq/,FAQ Center > Motorcycle Business & Market FAQ > Delivery Motorcycle Business,0,10,2,CollectionPage,/faq/motorcycle-business-and-market-faq/,"Introduce the group, summarize key buyer concerns, and list all related FAQ question pages."
group,planned,11,Motorcycle Business & Market FAQ,Motorcycle Taxi & Commercial Use,Motorcycle Taxi & Commercial Use,Motorcycle Taxi & Commercial Use FAQ | B2B Motorcycle Guide,"B2B FAQ guide for motorcycle taxi & commercial use: buyer questions, practical checks, sourcing risks, and RFQ details for motorcycle importers and…",/faq/motorcycle-business-and-market-faq/motorcycle-taxi-and-commercial-use/,/faq/motorcycle-business-and-market-faq/motorcycle-taxi-and-commercial-use/,/faq/motorcycle-business-and-market-faq/,FAQ Center > Motorcycle Business & Market FAQ > Motorcycle Taxi & Commercial Use,0,10,2,CollectionPage,/faq/motorcycle-business-and-market-faq/,"Introduce the group, summarize key buyer concerns, and list all related FAQ question pages."
group,planned,11,Motorcycle Business & Market FAQ,Profitability & Investment Considerations,Profitability & Investment Considerations,Profitability & Investment Considerations FAQ | B2B…,"B2B FAQ guide for profitability & investment considerations: buyer questions, practical checks, sourcing risks, and RFQ details for motorcycle importers…",/faq/motorcycle-business-and-market-faq/profitability-and-investment-considerations/,/faq/motorcycle-business-and-market-faq/profitability-and-investment-considerations/,/faq/motorcycle-business-and-market-faq/,FAQ Center > Motorcycle Business & Market FAQ > Profitability & Investment Considerations,0,10,2,CollectionPage,/faq/motorcycle-business-and-market-faq/,"Introduce the group, summarize key buyer concerns, and list all related FAQ question pages."
section,planned,12,Country Import Guides,,Country Import Guides,Country Import Guides | B2B Motorcycle FAQ,"Explore B2B motorcycle FAQ topics about country import guides, including buyer questions, sourcing decisions, import risks, and RFQ preparation.",/faq/country-import-guides/,/faq/country-import-guides/,/faq/,FAQ Center > Country Import Guides,4,40,8,CollectionPage,/faq/country-import-guides/africa-motorcycle-import-faq/ | /faq/country-import-guides/latin-america-motorcycle-import-faq/ | /faq/country-import-guides/middle-east-motorcycle-import-faq/ | /faq/country-import-guides/southeast-asia-motorcycle-import-faq/,"Introduce the section, link to group pages, and surface high-intent P1 FAQs."
group,planned,12,Country Import Guides,Africa Motorcycle Import FAQ,Africa Motorcycle Import FAQ,Africa Motorcycle Import FAQ FAQ | B2B Motorcycle Guide,"B2B FAQ guide for africa motorcycle import faq: buyer questions, practical checks, sourcing risks, and RFQ details for motorcycle importers and…",/faq/country-import-guides/africa-motorcycle-import-faq/,/faq/country-import-guides/africa-motorcycle-import-faq/,/faq/country-import-guides/,FAQ Center > Country Import Guides > Africa Motorcycle Import FAQ,0,10,2,CollectionPage,/faq/country-import-guides/,"Introduce the group, summarize key buyer concerns, and list all related FAQ question pages."
group,planned,12,Country Import Guides,Latin America Motorcycle Import FAQ,Latin America Motorcycle Import FAQ,Latin America Motorcycle Import FAQ FAQ | B2B Motorcycle…,"B2B FAQ guide for latin america motorcycle import faq: buyer questions, practical checks, sourcing risks, and RFQ details for motorcycle importers and…",/faq/country-import-guides/latin-america-motorcycle-import-faq/,/faq/country-import-guides/latin-america-motorcycle-import-faq/,/faq/country-import-guides/,FAQ Center > Country Import Guides > Latin America Motorcycle Import FAQ,0,10,2,CollectionPage,/faq/country-import-guides/,"Introduce the group, summarize key buyer concerns, and list all related FAQ question pages."
group,planned,12,Country Import Guides,Middle East Motorcycle Import FAQ,Middle East Motorcycle Import FAQ,Middle East Motorcycle Import FAQ FAQ | B2B Motorcycle Guide,"B2B FAQ guide for middle east motorcycle import faq: buyer questions, practical checks, sourcing risks, and RFQ details for motorcycle importers and…",/faq/country-import-guides/middle-east-motorcycle-import-faq/,/faq/country-import-guides/middle-east-motorcycle-import-faq/,/faq/country-import-guides/,FAQ Center > Country Import Guides > Middle East Motorcycle Import FAQ,0,10,2,CollectionPage,/faq/country-import-guides/,"Introduce the group, summarize key buyer concerns, and list all related FAQ question pages."
group,planned,12,Country Import Guides,Southeast Asia Motorcycle Import FAQ,Southeast Asia Motorcycle Import FAQ,Southeast Asia Motorcycle Import FAQ FAQ | B2B Motorcycle…,"B2B FAQ guide for southeast asia motorcycle import faq: buyer questions, practical checks, sourcing risks, and RFQ details for motorcycle importers and…",/faq/country-import-guides/southeast-asia-motorcycle-import-faq/,/faq/country-import-guides/southeast-asia-motorcycle-import-faq/,/faq/country-import-guides/,FAQ Center > Country Import Guides > Southeast Asia Motorcycle Import FAQ,0,10,2,CollectionPage,/faq/country-import-guides/,"Introduce the group, summarize key buyer concerns, and list all related FAQ question pages."
section,planned,13,Dealer & Distributor FAQ,,Dealer & Distributor FAQ,Dealer & Distributor FAQ | B2B Motorcycle FAQ,"Explore B2B motorcycle FAQ topics about dealer & distributor faq, including buyer questions, sourcing decisions, import risks, and RFQ preparation.",/faq/dealer-and-distributor-faq/,/faq/dealer-and-distributor-faq/,/faq/,FAQ Center > Dealer & Distributor FAQ,7,70,12,CollectionPage,/faq/dealer-and-distributor-faq/becoming-a-motorcycle-distributor/ | /faq/dealer-and-distributor-faq/exclusive-agency-cooperation/ | /faq/dealer-and-distributor-faq/dealer-requirements/ | /faq/dealer-and-distributor-faq/territory-protection/ | /faq/dealer-and-distributor-faq/marketing-and-sales-support/ | /faq/dealer-and-distributor-faq/annual-purchase-target/,"Introduce the section, link to group pages, and surface high-intent P1 FAQs."
group,planned,13,Dealer & Distributor FAQ,Becoming a Motorcycle Distributor,Becoming a Motorcycle Distributor,Becoming a Motorcycle Distributor FAQ | B2B Motorcycle Guide,"B2B FAQ guide for becoming a motorcycle distributor: buyer questions, practical checks, sourcing risks, and RFQ details for motorcycle importers and…",/faq/dealer-and-distributor-faq/becoming-a-motorcycle-distributor/,/faq/dealer-and-distributor-faq/becoming-a-motorcycle-distributor/,/faq/dealer-and-distributor-faq/,FAQ Center > Dealer & Distributor FAQ > Becoming a Motorcycle Distributor,0,10,2,CollectionPage,/faq/dealer-and-distributor-faq/,"Introduce the group, summarize key buyer concerns, and list all related FAQ question pages."
group,planned,13,Dealer & Distributor FAQ,Exclusive Agency Cooperation,Exclusive Agency Cooperation,Exclusive Agency Cooperation FAQ | B2B Motorcycle Guide,"B2B FAQ guide for exclusive agency cooperation: buyer questions, practical checks, sourcing risks, and RFQ details for motorcycle importers and…",/faq/dealer-and-distributor-faq/exclusive-agency-cooperation/,/faq/dealer-and-distributor-faq/exclusive-agency-cooperation/,/faq/dealer-and-distributor-faq/,FAQ Center > Dealer & Distributor FAQ > Exclusive Agency Cooperation,0,10,2,CollectionPage,/faq/dealer-and-distributor-faq/,"Introduce the group, summarize key buyer concerns, and list all related FAQ question pages."
group,planned,13,Dealer & Distributor FAQ,Dealer Requirements,Dealer Requirements,Dealer Requirements FAQ | B2B Motorcycle Guide,"B2B FAQ guide for dealer requirements: buyer questions, practical checks, sourcing risks, and RFQ details for motorcycle importers and distributors.",/faq/dealer-and-distributor-faq/dealer-requirements/,/faq/dealer-and-distributor-faq/dealer-requirements/,/faq/dealer-and-distributor-faq/,FAQ Center > Dealer & Distributor FAQ > Dealer Requirements,0,10,1,CollectionPage,/faq/dealer-and-distributor-faq/,"Introduce the group, summarize key buyer concerns, and list all related FAQ question pages."
group,planned,13,Dealer & Distributor FAQ,Territory Protection,Territory Protection,Territory Protection FAQ | B2B Motorcycle Guide,"B2B FAQ guide for territory protection: buyer questions, practical checks, sourcing risks, and RFQ details for motorcycle importers and distributors.",/faq/dealer-and-distributor-faq/territory-protection/,/faq/dealer-and-distributor-faq/territory-protection/,/faq/dealer-and-distributor-faq/,FAQ Center > Dealer & Distributor FAQ > Territory Protection,0,10,2,CollectionPage,/faq/dealer-and-distributor-faq/,"Introduce the group, summarize key buyer concerns, and list all related FAQ question pages."
group,planned,13,Dealer & Distributor FAQ,Marketing & Sales Support,Marketing & Sales Support,Marketing & Sales Support FAQ | B2B Motorcycle Guide,"B2B FAQ guide for marketing & sales support: buyer questions, practical checks, sourcing risks, and RFQ details for motorcycle importers and distributors.",/faq/dealer-and-distributor-faq/marketing-and-sales-support/,/faq/dealer-and-distributor-faq/marketing-and-sales-support/,/faq/dealer-and-distributor-faq/,FAQ Center > Dealer & Distributor FAQ > Marketing & Sales Support,0,10,2,CollectionPage,/faq/dealer-and-distributor-faq/,"Introduce the group, summarize key buyer concerns, and list all related FAQ question pages."
group,planned,13,Dealer & Distributor FAQ,Annual Purchase Target,Annual Purchase Target,Annual Purchase Target FAQ | B2B Motorcycle Guide,"B2B FAQ guide for annual purchase target: buyer questions, practical checks, sourcing risks, and RFQ details for motorcycle importers and distributors.",/faq/dealer-and-distributor-faq/annual-purchase-target/,/faq/dealer-and-distributor-faq/annual-purchase-target/,/faq/dealer-and-distributor-faq/,FAQ Center > Dealer & Distributor FAQ > Annual Purchase Target,0,10,2,CollectionPage,/faq/dealer-and-distributor-faq/,"Introduce the group, summarize key buyer concerns, and list all related FAQ question pages."
group,planned,13,Dealer & Distributor FAQ,Long-Term Partnership Policy,Long-Term Partnership Policy,Long-Term Partnership Policy FAQ | B2B Motorcycle Guide,"B2B FAQ guide for long-term partnership policy: buyer questions, practical checks, sourcing risks, and RFQ details for motorcycle importers and…",/faq/dealer-and-distributor-faq/long-term-partnership-policy/,/faq/dealer-and-distributor-faq/long-term-partnership-policy/,/faq/dealer-and-distributor-faq/,FAQ Center > Dealer & Distributor FAQ > Long-Term Partnership Policy,0,10,1,CollectionPage,/faq/dealer-and-distributor-faq/,"Introduce the group, summarize key buyer concerns, and list all related FAQ question pages."
section,planned,14,China Motorcycle Supplier Guide,,China Motorcycle Supplier Guide,China Motorcycle Supplier Guide | B2B Motorcycle FAQ,"Explore B2B motorcycle FAQ topics about china motorcycle supplier guide, including buyer questions, sourcing decisions, import risks, and RFQ preparation.",/faq/china-motorcycle-supplier-guide/,/faq/china-motorcycle-supplier-guide/,/faq/,FAQ Center > China Motorcycle Supplier Guide,7,70,17,CollectionPage,/faq/china-motorcycle-supplier-guide/choosing-a-motorcycle-manufacturer-in-china/ | /faq/china-motorcycle-supplier-guide/manufacturer-vs-trading-company/ | /faq/china-motorcycle-supplier-guide/chongqing-motorcycle-manufacturers/ | /faq/china-motorcycle-supplier-guide/chinese-motorcycle-quality-and-reliability/ | /faq/china-motorcycle-supplier-guide/supplier-audit-checklist/ | /faq/china-motorcycle-supplier-guide/export-experience-and-certifications/,"Introduce the section, link to group pages, and surface high-intent P1 FAQs."
group,planned,14,China Motorcycle Supplier Guide,Choosing a Motorcycle Manufacturer in China,Choosing a Motorcycle Manufacturer in China,Choosing a Motorcycle Manufacturer in China FAQ | B2B…,"B2B FAQ guide for choosing a motorcycle manufacturer in china: buyer questions, practical checks, sourcing risks, and RFQ details for motorcycle…",/faq/china-motorcycle-supplier-guide/choosing-a-motorcycle-manufacturer-in-china/,/faq/china-motorcycle-supplier-guide/choosing-a-motorcycle-manufacturer-in-china/,/faq/china-motorcycle-supplier-guide/,FAQ Center > China Motorcycle Supplier Guide > Choosing a Motorcycle Manufacturer in China,0,10,3,CollectionPage,/faq/china-motorcycle-supplier-guide/,"Introduce the group, summarize key buyer concerns, and list all related FAQ question pages."
group,planned,14,China Motorcycle Supplier Guide,Manufacturer vs Trading Company,Manufacturer vs Trading Company,Manufacturer vs Trading Company FAQ | B2B Motorcycle Guide,"B2B FAQ guide for manufacturer vs trading company: buyer questions, practical checks, sourcing risks, and RFQ details for motorcycle importers and…",/faq/china-motorcycle-supplier-guide/manufacturer-vs-trading-company/,/faq/china-motorcycle-supplier-guide/manufacturer-vs-trading-company/,/faq/china-motorcycle-supplier-guide/,FAQ Center > China Motorcycle Supplier Guide > Manufacturer vs Trading Company,0,10,2,CollectionPage,/faq/china-motorcycle-supplier-guide/,"Introduce the group, summarize key buyer concerns, and list all related FAQ question pages."
group,planned,14,China Motorcycle Supplier Guide,Chongqing Motorcycle Manufacturers,Chongqing Motorcycle Manufacturers,Chongqing Motorcycle Manufacturers FAQ | B2B Motorcycle…,"B2B FAQ guide for chongqing motorcycle manufacturers: buyer questions, practical checks, sourcing risks, and RFQ details for motorcycle importers and…",/faq/china-motorcycle-supplier-guide/chongqing-motorcycle-manufacturers/,/faq/china-motorcycle-supplier-guide/chongqing-motorcycle-manufacturers/,/faq/china-motorcycle-supplier-guide/,FAQ Center > China Motorcycle Supplier Guide > Chongqing Motorcycle Manufacturers,0,10,2,CollectionPage,/faq/china-motorcycle-supplier-guide/,"Introduce the group, summarize key buyer concerns, and list all related FAQ question pages."
group,planned,14,China Motorcycle Supplier Guide,Chinese Motorcycle Quality & Reliability,Chinese Motorcycle Quality & Reliability,Chinese Motorcycle Quality & Reliability FAQ | B2B…,"B2B FAQ guide for chinese motorcycle quality & reliability: buyer questions, practical checks, sourcing risks, and RFQ details for motorcycle importers…",/faq/china-motorcycle-supplier-guide/chinese-motorcycle-quality-and-reliability/,/faq/china-motorcycle-supplier-guide/chinese-motorcycle-quality-and-reliability/,/faq/china-motorcycle-supplier-guide/,FAQ Center > China Motorcycle Supplier Guide > Chinese Motorcycle Quality & Reliability,0,10,3,CollectionPage,/faq/china-motorcycle-supplier-guide/,"Introduce the group, summarize key buyer concerns, and list all related FAQ question pages."
group,planned,14,China Motorcycle Supplier Guide,Supplier Audit Checklist,Supplier Audit Checklist,Supplier Audit Checklist FAQ | B2B Motorcycle Guide,"B2B FAQ guide for supplier audit checklist: buyer questions, practical checks, sourcing risks, and RFQ details for motorcycle importers and distributors.",/faq/china-motorcycle-supplier-guide/supplier-audit-checklist/,/faq/china-motorcycle-supplier-guide/supplier-audit-checklist/,/faq/china-motorcycle-supplier-guide/,FAQ Center > China Motorcycle Supplier Guide > Supplier Audit Checklist,0,10,2,CollectionPage,/faq/china-motorcycle-supplier-guide/,"Introduce the group, summarize key buyer concerns, and list all related FAQ question pages."
group,planned,14,China Motorcycle Supplier Guide,Export Experience & Certifications,Export Experience & Certifications,Export Experience & Certifications FAQ | B2B Motorcycle…,"B2B FAQ guide for export experience & certifications: buyer questions, practical checks, sourcing risks, and RFQ details for motorcycle importers and…",/faq/china-motorcycle-supplier-guide/export-experience-and-certifications/,/faq/china-motorcycle-supplier-guide/export-experience-and-certifications/,/faq/china-motorcycle-supplier-guide/,FAQ Center > China Motorcycle Supplier Guide > Export Experience & Certifications,0,10,2,CollectionPage,/faq/china-motorcycle-supplier-guide/,"Introduce the group, summarize key buyer concerns, and list all related FAQ question pages."
group,planned,14,China Motorcycle Supplier Guide,Avoiding Motorcycle Import Risks,Avoiding Motorcycle Import Risks,Avoiding Motorcycle Import Risks FAQ | B2B Motorcycle Guide,"B2B FAQ guide for avoiding motorcycle import risks: buyer questions, practical checks, sourcing risks, and RFQ details for motorcycle importers and…",/faq/china-motorcycle-supplier-guide/avoiding-motorcycle-import-risks/,/faq/china-motorcycle-supplier-guide/avoiding-motorcycle-import-risks/,/faq/china-motorcycle-supplier-guide/,FAQ Center > China Motorcycle Supplier Guide > Avoiding Motorcycle Import Risks,0,10,3,CollectionPage,/faq/china-motorcycle-supplier-guide/,"Introduce the group, summarize key buyer concerns, and list all related FAQ question pages."
